id,first_name,last_name,email,phone,street_address,city,state,zip_code,date_of_birth,age,occupation
1,Kenneth,Scott,kenneth.scott@company.com,707-841-2692,1538 Jefferson Dr,Fresno,RI,64132,1999-11-29,26,Designer
2,Jennifer,Hernandez,jennifer.hernandez@company.com,927-209-3566,8197 Washington St,Las Vegas,DE,90599,1986-12-15,39,Project Manager
3,Daniel,Hall,daniel.hall@outlook.com,292-927-1759,9201 Washington St,Milwaukee,SC,84493,1988-02-04,38,Engineer
4,Ashley,Rodriguez,ashley.rodriguez@company.com,207-240-2012,8735 Washington St,New York,NC,89969,1997-02-04,29,Executive
5,Lisa,Martinez,lisa.martinez@outlook.com,278-833-2019,7480 Maple Dr,El Paso,SD,21223,1960-04-30,65,Nurse
6,Donna,Ramirez,donna.ramirez@yahoo.com,210-536-3782,7057 Cedar Ln,Columbus,CT,56724,1993-10-06,32,Project Manager
7,Richard,Johnson,richard.johnson@hotmail.com,684-765-9944,1419 Main St,Albuquerque,NC,71680,1989-02-07,37,Doctor
8,James,Robinson,james.robinson@outlook.com,224-889-2155,8270 Jefferson Dr,Atlanta,RI,47856,1988-06-14,37,Project Manager
9,Ashley,Hernandez,ashley.hernandez@gmail.com,652-563-5581,4430 Adams Ave,San Jose,VA,76849,1988-01-24,38,Marketing Manager
10,Brian,Lewis,brian.lewis@gmail.com,751-659-2629,2994 Elm St,Philadelphia,OK,44568,1992-11-15,33,Analyst
11,Charles,Garcia,charles.garcia@yahoo.com,514-724-9695,5849 Maple Dr,Denver,PA,68010,1962-07-14,63,Software Engineer
12,Matthew,Jones,matthew.jones@company.com,300-399-7708,8877 Monroe St,Las Vegas,KY,71353,1963-07-23,62,Nurse
13,Anthony,Campbell,anthony.campbell@company.com,686-598-2696,7986 Maple Dr,Memphis,NV,12257,1992-08-24,33,Assistant
14,Susan,Thomas,susan.thomas@gmail.com,968-413-1516,9231 Second Ave,Houston,SC,50085,2003-10-19,22,Doctor
15,Kenneth,Davis,kenneth.davis@hotmail.com,951-357-5822,5002 Second Ave,New York,PA,78704,1990-01-14,36,Developer
16,Jessica,Nguyen,jessica.nguyen@hotmail.com,850-830-8860,3089 Pine Rd,Chicago,AZ,74491,2004-01-06,22,Manager
17,Charles,Clark,charles.clark@hotmail.com,730-250-9257,3202 Lincoln Ave,Memphis,MO,57214,1945-06-03,80,Director
18,Joshua,Carter,joshua.carter@gmail.com,910-201-4950,5844 Madison Blvd,Nashville,CT,16291,1973-03-31,52,Designer
19,Elizabeth,Nelson,elizabeth.nelson@outlook.com,446-708-6340,7176 Park Blvd,Baltimore,CT,36797,1960-11-27,65,Software Engineer
20,Linda,Young,linda.young@yahoo.com,517-995-5718,9258 Cedar Ln,San Francisco,KS,35743,2008-01-20,18,Assistant
21,Brian,Martin,brian.martin@company.com,879-709-4519,1376 Park Blvd,Fort Worth,CA,65131,1960-08-08,65,Lawyer
22,Joseph,Green,joseph.green@yahoo.com,584-506-9589,4684 Maple Dr,Fort Worth,UT,30533,1965-07-15,60,Doctor
23,Christopher,Nguyen,christopher.nguyen@hotmail.com,579-520-3438,7083 Washington St,Austin,RI,22934,1945-06-11,80,Administrator
24,Margaret,Lee,margaret.lee@hotmail.com,773-589-7238,2283 Washington St,Memphis,ND,36113,1978-04-01,47,Specialist
25,Barbara,Miller,barbara.miller@company.com,742-731-7128,3644 Park Blvd,Charlotte,KY,51823,1991-03-30,34,Developer
26,Barbara,Miller,barbara.miller@hotmail.com,724-971-4433,3057 Monroe St,Louisville,UT,41413,1963-02-08,63,Lawyer
27,Sarah,Young,sarah.young@outlook.com,814-277-5176,647 Madison Blvd,San Diego,WA,47931,1969-04-26,56,Assistant
28,Patricia,Lee,patricia.lee@company.com,766-264-9335,2153 Washington St,Kansas City,MI,13171,1952-12-18,73,Nurse
29,Anthony,Thompson,anthony.thompson@outlook.com,330-844-6489,4360 Pine Rd,Memphis,TX,51722,1972-08-12,53,Designer
30,Kimberly,Davis,kimberly.davis@hotmail.com,400-855-3994,7614 Washington St,Colorado Springs,MA,81372,1955-11-02,70,Sales Representative
31,Paul,Taylor,paul.taylor@gmail.com,552-553-4743,8420 Elm St,El Paso,MA,49732,1970-02-26,55,Analyst
32,Daniel,Ramirez,daniel.ramirez@company.com,726-551-4742,3022 Jefferson Dr,Boston,NE,31018,1999-02-09,27,Executive
33,Deborah,Jones,deborah.jones@yahoo.com,673-616-1017,4082 Monroe St,Philadelphia,WY,69285,1963-05-07,62,Coordinator
34,Anthony,Jackson,anthony.jackson@hotmail.com,508-270-5945,8371 Adams Ave,San Diego,AZ,69439,1968-02-11,58,Executive
35,Michelle,Hall,michelle.hall@yahoo.com,436-788-7516,9474 Elm St,Detroit,MA,32191,1961-07-18,64,Designer
36,Sandra,Jones,sandra.jones@gmail.com,763-569-5150,8411 Washington St,Boston,MO,94346,1964-03-18,61,Designer
37,Carol,Sanchez,carol.sanchez@yahoo.com,848-243-7557,5640 Park Blvd,Baltimore,SD,65336,1981-02-01,45,Teacher
38,Mark,Wright,mark.wright@yahoo.com,387-729-1103,2768 Second Ave,Kansas City,PA,60526,1998-03-29,27,Sales Representative
39,Sharon,King,sharon.king@hotmail.com,661-909-6590,3013 Elm St,San Diego,RI,51652,2000-11-17,25,Administrator
40,Timothy,Brown,timothy.brown@outlook.com,246-871-1229,5700 Jefferson Dr,Las Vegas,PA,77395,1949-03-10,76,Teacher
41,Melissa,Jackson,melissa.jackson@yahoo.com,968-847-7254,8202 First St,Baltimore,ME,17303,2005-11-08,20,Nurse
42,Matthew,Rivera,matthew.rivera@company.com,515-200-9872,5760 Main St,Washington,TX,15427,1988-06-29,37,Sales Representative
43,Mary,Lewis,mary.lewis@company.com,415-450-7035,7643 Adams Ave,Philadelphia,MA,36904,1955-03-18,70,Analyst
44,Barbara,Thompson,barbara.thompson@outlook.com,995-212-8622,9355 Elm St,New York,VT,52850,1958-10-29,67,Manager
45,Robert,Rivera,robert.rivera@hotmail.com,317-275-1161,1628 Second Ave,Tucson,WV,57965,1952-09-25,73,Sales Representative
46,Richard,Roberts,richard.roberts@outlook.com,348-868-1081,898 Main St,Charlotte,OH,20389,1953-05-14,72,Coordinator
47,Lisa,Harris,lisa.harris@outlook.com,496-853-5815,5096 Elm St,Mesa,ND,64418,1959-02-11,67,Architect
48,James,Davis,james.davis@yahoo.com,979-278-5712,9525 Lincoln Ave,Chicago,VT,12423,1980-10-03,45,Consultant
49,Emily,Baker,emily.baker@outlook.com,652-334-5694,9084 Park Blvd,Milwaukee,NM,60498,1986-03-20,39,Accountant
50,Sandra,Jones,sandra.jones@company.com,807-819-7789,2265 Park Blvd,Philadelphia,ME,58971,1994-10-17,31,Accountant
